Snake-eyes,Lose,Runick,Runick
Snake-eyes,Win,Runick,Snake-eyes
Snake-eyes,Lose,Runick,Runick
Snake-eyes,Win,Runick,Snake-eyes
Snake-eyes,Lose,Runick,Runick
Snake-eyes,Win,Runick,Runick
Snake-eyes,Win,Runick,Snake-eyes
Snake-eyes,Lose,Runick,Runick
Snake-eyes,Lose,Runick,Runick
Snake-eyes,Win,Runick,Snake-eyes
Snake-eyes,Win,Runick,Snake-eyes
Snake-eyes,Win,Runick,Snake-eyes
Snake-eyes,Lose,Runick,Runick
Snake-eyes,Win,Runick,Snake-eyes
Snake-eyes,Win,Runick,Snake-eyes
Snake-eyes,Lose,Runick,Snake-eyes
Snake-eyes,Win,Runick,Snake-eyes
Snake-eyes,Lose,Runick,Runick
Snake-eyes,Lose,Runick,Runick
Snake-eyes,Win,Runick,Snake-eyes
Snake-eyes,Lose,Fiend-link,Fiend-link
Snake-eyes,Lose,Fiend-link,Fiend-link
Snake-eyes,Win,Fiend-link,Snake-eyes
Snake-eyes,Lose,Fiend-link,Snake-eyes
Snake-eyes,Win,Fiend-link,Fiend-link
Snake-eyes,Win,Fiend-link,Snake-eyes
Snake-eyes,Lose,Fiend-link,Fiend-link
Snake-eyes,Win,Fiend-link,Snake-eyes
Snake-eyes,Win,Fiend-link,Fiend-link
Snake-eyes,Win,Fiend-link,Snake-eyes
Snake-eyes,Win,Fiend-link,Snake-eyes
Snake-eyes,Lose,Fiend-link,Fiend-link
Snake-eyes,Win,Fiend-link,Snake-eyes
Snake-eyes,Win,Fiend-link,Snake-eyes
Snake-eyes,Win,Fiend-link,Snake-eyes
Snake-eyes,Win,Fiend-link,Fiend-link
Snake-eyes,Win,Fiend-link,Snake-eyes
Snake-eyes,Win,Fiend-link,Fiend-link
Snake-eyes,Lose,Fiend-link,Fiend-link
Snake-eyes,Win,Fiend-link,Snake-eyes
Snake-eyes,Lose,Lab,Lab
Snake-eyes,Lose,Lab,Snake-eyes
Snake-eyes,Win,Lab,Snake-eyes
Snake-eyes,Win,Lab,Snake-eyes
Snake-eyes,Lose,Lab,Lab
Snake-eyes,Win,Lab,Lab
Snake-eyes,Win,Lab,Lab
Snake-eyes,Win,Lab,Snake-eyes
Snake-eyes,Win,Lab,Snake-eyes
Snake-eyes,Lose,Lab,Snake-eyes
Snake-eyes,Win,Lab,Lab
Snake-eyes,Lose,Lab,Snake-eyes
Snake-eyes,Win,Lab,Snake-eyes
Snake-eyes,Win,Lab,Lab
Snake-eyes,Win,Lab,Snake-eyes
Snake-eyes,Lose,Lab,Lab
Snake-eyes,Lose,Lab,Lab
Snake-eyes,Win,Lab,Snake-eyes
Snake-eyes,Win,Lab,Lab
Snake-eyes,Win,Lab,Snake-eyes
Snake-eyes,Lose,Despia,Despia
Snake-eyes,Lose,Despia,Snake-eyes
Snake-eyes,Lose,Despia,Despia
Snake-eyes,Win,Despia,Despia
Snake-eyes,Win,Despia,Snake-eyes
Snake-eyes,Lose,Despia,Snake-eyes
Snake-eyes,Lose,Despia,Despia
Snake-eyes,Win,Despia,Snake-eyes
Snake-eyes,Lose,Despia,Despia
Snake-eyes,Win,Despia,Snake-eyes
Snake-eyes,Lose,Despia,Despia
Snake-eyes,Win,Despia,Snake-eyes
Snake-eyes,Win,Despia,Snake-eyes
Snake-eyes,Lose,Despia,Despia
Snake-eyes,Win,Despia,Snake-eyes
Snake-eyes,Lose,Despia,Despia
Snake-eyes,Lose,Despia,Despia
Snake-eyes,Lose,Despia,Despia
Snake-eyes,Win,Despia,Snake-eyes
Snake-eyes,Lose,Despia,Snake-eyes
Snake-eyes,Win,Kash,Snake-eyes
Snake-eyes,Win,Kash,Snake-eyes
Snake-eyes,Win,Kash,Snake-eyes
Snake-eyes,Win,Kash,Kash
Snake-eyes,Win,Kash,Kash
Snake-eyes,Win,Kash,Snake-eyes
Snake-eyes,Lose,Kash,Kash
Snake-eyes,Win,Kash,Snake-eyes
Snake-eyes,Win,Kash,Kash
Snake-eyes,Win,Kash,Kash
Snake-eyes,Win,Kash,Snake-eyes
Snake-eyes,Lose,Kash,Snake-eyes
Snake-eyes,Win,Kash,Snake-eyes
Snake-eyes,Win,Kash,Snake-eyes
Snake-eyes,Win,Kash,Kash
Snake-eyes,Lose,Kash,Kash
Snake-eyes,Win,Kash,Snake-eyes
Snake-eyes,Win,Kash,Kash
Snake-eyes,Win,Kash,Snake-eyes
Snake-eyes,Win,Kash,Snake-eyes